{
    "train_scores": {
        "ci": 0.969122212720101,
        "r2": 0.9693234257966341,
        "rmse": 0.21502523012941388,
        "mse": 0.046235849592207404
    },
    "cold_both_scores": {
        "ci": 0.5534873454973513,
        "r2": -0.5200318758258997,
        "rmse": 1.3358825036668882,
        "mse": 1.7845820636033134
    },
    "cold_lig_scores": {
        "ci": 0.7252053730680152,
        "r2": 0.022090418528787903,
        "rmse": 1.0449809090326765,
        "mse": 1.0919851002427587
    },
    "cold_prot_scores": {
        "ci": 0.7945742706574198,
        "r2": 0.4438540113645233,
        "rmse": 0.9065398779901478,
        "mse": 0.821814550386392
    },
    "warm_scores": {
        "ci": 0.8888063405972129,
        "r2": 0.7620177902463596,
        "rmse": 0.5842292606697292,
        "mse": 0.3413238290226985
    }
}