{
    "train_scores": {
        "ci": 0.969180212074726,
        "r2": 0.9651050150803155,
        "rmse": 0.22561336399404924,
        "mse": 0.05090139001271135
    },
    "cold_both_scores": {
        "ci": 0.5101939744118861,
        "r2": -0.13115237070652652,
        "rmse": 1.1653030740490264,
        "mse": 1.357931254388111
    },
    "cold_lig_scores": {
        "ci": 0.656636068267885,
        "r2": 0.193003432307142,
        "rmse": 0.91763177689227,
        "mse": 0.842048077962465
    },
    "cold_prot_scores": {
        "ci": 0.7563238278921408,
        "r2": 0.20854863992633288,
        "rmse": 1.1394149373244253,
        "mse": 1.298266399398024
    },
    "warm_scores": {
        "ci": 0.8741902094667581,
        "r2": 0.7515917032918416,
        "rmse": 0.5834602425373306,
        "mse": 0.3404258546217207
    }
}