{
    "train_scores": {
        "ci": 0.9704762633707821,
        "r2": 0.9734485376546212,
        "rmse": 0.18523613597702548,
        "mse": 0.03431242607169908
    },
    "cold_both_scores": {
        "ci": 0.5265822784810127,
        "r2": -0.0952920765129106,
        "rmse": 1.785526501445785,
        "mse": 3.1881048873652253
    },
    "cold_lig_scores": {
        "ci": 0.557790503253082,
        "r2": -0.06613555330906928,
        "rmse": 1.5611234809430576,
        "mse": 2.437106522751769
    },
    "cold_prot_scores": {
        "ci": 0.759308171910698,
        "r2": 0.29110715233598605,
        "rmse": 1.0442133811909158,
        "mse": 1.0903815854581649
    },
    "warm_scores": {
        "ci": 0.8819830473362567,
        "r2": 0.7501046345483575,
        "rmse": 0.5486067388441316,
        "mse": 0.30096935390519314
    }
}