{
    "train_scores": {
        "ci": 0.9702095032328815,
        "r2": 0.9723652943139829,
        "rmse": 0.19734442663446136,
        "mse": 0.038944822723684304
    },
    "cold_both_scores": {
        "ci": 0.5538434132003206,
        "r2": -0.047009072892249204,
        "rmse": 1.463871986235223,
        "mse": 2.142921192084257
    },
    "cold_lig_scores": {
        "ci": 0.6030179662311974,
        "r2": 0.045997719055009045,
        "rmse": 1.2175074354735285,
        "mse": 1.4823243554333279
    },
    "cold_prot_scores": {
        "ci": 0.7782063552955061,
        "r2": 0.3645154992532378,
        "rmse": 1.0546276906254697,
        "mse": 1.1122395658340116
    },
    "warm_scores": {
        "ci": 0.8874730874431126,
        "r2": 0.7744762081472483,
        "rmse": 0.5475777312043278,
        "mse": 0.29984137171087916
    }
}