{
    "train_scores": {
        "ci": 0.9703885647254166,
        "r2": 0.9781245040724833,
        "rmse": 0.18102571228825476,
        "mse": 0.03277030850946999
    },
    "cold_both_scores": {
        "ci": 0.5904510782559563,
        "r2": -0.1162538283400818,
        "rmse": 0.9645202433578054,
        "mse": 0.9302992998470001
    },
    "cold_lig_scores": {
        "ci": 0.7402152383699863,
        "r2": -0.08167653107193296,
        "rmse": 1.009097402583451,
        "mse": 1.0182775679006673
    },
    "cold_prot_scores": {
        "ci": 0.7645643901635649,
        "r2": 0.32572421506103155,
        "rmse": 0.9988485123774419,
        "mse": 0.9976983506786286
    },
    "warm_scores": {
        "ci": 0.8898164157241313,
        "r2": 0.7611018004730128,
        "rmse": 0.5503861710451893,
        "mse": 0.3029249372777843
    }
}